ID,lat,lon,workload,conn
1,22.522803,114.218796,10280,3
2,25.222206,117.086322,822,3
3,26.215115,109.744661,6987,4
4,28.812629,115.952954,89,1
5,29.263844,115.023159,5280,8
6,30.442177,120.618727,2784,4
7,30.705762,121.33512,4080,5
8,30.716044,121.291037,1108,2
9,30.718108,121.283169,2210,2
10,30.719537,121.355948,11138,4
11,30.721392,121.345766,376,3
12,30.72456,121.344043,8873,4
13,30.730789,121.343497,163,3
14,30.733903,121.341904,4431,1
15,30.734301,121.25722,1991,3
16,30.735272,121.380359,43,0
17,30.736093,121.355957,586,2
18,30.738649,121.382934,1303,2
19,30.739797,121.32739,7082,5
20,30.74139,121.380141,13283,6
21,30.746286,121.344028,6547,6
22,30.747936,121.348822,513,2
23,30.750457,121.376839,2461,5
24,30.758612,121.320541,315,3
25,30.763912,121.333802,575,2
26,30.766975,121.362906,5778,2
27,30.771941,121.373524,11477,3
28,30.774911,121.259927,4193,4
29,30.779826,121.376806,688,5
30,30.781759,121.168333,974,6
31,30.790922,121.348126,4910,2
32,30.795602,121.152307,2372,5
33,30.796696,121.200272,720,15
34,30.797557,121.356113,708,5
35,30.799332,121.268825,3694,5
36,30.801265,121.395878,3823,2
37,30.802409,121.205114,940,6
38,30.806653,121.257345,1149,2
39,30.808567,121.29074,4368,4
40,30.811433,121.309343,455,2
41,30.814573,121.352883,7521,2
42,30.816155,121.298392,1313,4
43,30.824298,121.363989,7191,5
44,30.827125,121.329382,726,5
45,30.829073,121.470254,29,0
46,30.830149,121.35652,3619,6
47,30.831909,121.397355,2750,4
48,30.83237,121.439654,409,4
49,30.832683,121.481868,3209,14
50,30.837343,121.275733,260,3
51,30.838466,121.228977,2620,3
52,30.841016,121.482504,691,3
53,30.843004,121.438792,552,7
54,30.844717,121.528288,4302,6
55,30.846072,121.32313,47,0
56,30.847557,121.226776,5303,6
57,30.85104,121.524116,639,3
58,30.852446,121.262447,428,2
59,30.853798,121.344272,1548,14
60,30.855815,121.311882,1421,2
61,30.860242,121.79388,8020,4
62,30.86245,121.124035,287,3
63,30.865062,121.662776,9957,3
64,30.866289,121.103027,4631,2
65,30.86683,121.83302,492,2
66,30.867598,121.198612,1431,3
67,30.869886,121.901843,1184,2
68,30.872829,121.424028,1048,5
69,30.873376,121.040678,719,2
70,30.874287,121.67603,4834,2
71,30.874727,121.250912,127,7
72,30.876032,121.466173,6268,5
73,30.877822,121.548349,2717,3
74,30.879413,121.704723,155,3
75,30.880562,121.486561,8049,3
76,30.882016,121.532008,1134,7
77,30.884387,121.408648,5231,3
78,30.88883,121.130607,10729,1
79,30.88912,121.3171,835,3
80,30.889354,121.488288,3477,2
81,30.889897,121.320413,7983,5
82,30.891157,121.186557,1710,2
83,30.891706,121.171358,96,3
84,30.893084,121.252519,458,8
85,30.893975,121.016922,4870,2
86,30.894923,121.319564,2306,4
87,30.895699,121.478289,5978,7
88,30.89659,121.281933,1376,5
89,30.897457,121.36324,1928,11
90,30.898128,121.536836,752,4
91,30.898595,121.030128,3415,2
92,30.899117,121.175731,6561,7
93,30.900013,121.049649,5383,3
94,30.900531,121.399787,2102,2
95,30.901446,121.904248,207,4
96,30.902581,121.167864,164,1
97,30.903117,121.146985,395,2
98,30.90387,121.433071,4658,5
99,30.904648,121.173227,647,2
100,30.905367,121.832974,4864,2
101,30.908341,121.870538,719,1
102,30.908583,121.656169,10495,9
103,30.910085,121.504947,6862,3
104,30.910239,121.419143,7577,2
105,30.912581,121.465142,2887,3
106,30.914669,121.471638,5343,4
107,30.9152,121.664095,5021,2
108,30.915722,121.763195,8192,8
109,30.918205,121.509992,9941,3
110,30.918284,120.995861,77,2
111,30.91853,121.7439,317,3
112,30.919514,121.45936,6903,3
113,30.919873,121.464262,8349,2
114,30.920347,121.057024,1847,3
115,30.922611,121.473581,4136,4
116,30.92405,121.648972,1793,5
117,30.92643,121.782514,2544,3
118,30.92668,121.466784,6564,2
119,30.929412,121.460403,1635,4
120,30.929761,121.587992,798,2
121,30.930023,121.011969,630,2
122,30.931335,121.472783,325,2
123,30.932543,121.716591,1210,3
124,30.933573,121.55651,432,3
125,30.934396,121.369499,1177,5
126,30.935314,121.733322,6837,6
127,30.935837,121.561311,3182,3
128,30.936752,121.470783,1657,5
129,30.93817,121.865652,6298,2
130,30.939279,121.074396,557,3
131,30.940176,121.086747,219,6
132,30.941447,121.293964,8952,2
133,30.943662,121.155665,1213,1
134,30.945306,121.729327,6147,3
135,30.94602,121.106186,487,1
136,30.947965,121.640593,5008,10
137,30.948258,121.324472,1335,3
138,30.948712,121.365593,6965,3
139,30.950067,121.449083,9516,5
140,30.953548,121.636227,3770,4
141,30.95485,121.328077,179,1
142,30.956183,121.908274,2772,3
143,30.956624,121.334663,8391,4
144,30.957104,121.146044,2993,2
145,30.960195,121.398632,4465,14
146,30.960682,121.447242,5890,4
147,30.963144,121.39936,1455,4
148,30.965531,121.208487,3136,2
149,30.967591,121.656531,5097,7
150,30.967774,121.447499,10282,5
151,30.970389,121.451558,1818,3
152,30.972355,121.610007,2179,3
153,30.975236,121.195313,3803,2
154,30.97533,121.271449,7231,3
155,30.975655,121.228194,3995,3
156,30.976672,121.459345,23,0
157,30.977517,121.669761,1795,1
158,30.978506,121.447689,11947,5
159,30.97935,121.815249,3495,2
160,30.981236,121.488197,523,3
161,30.983141,121.540945,10402,3
162,30.98383,121.235077,4759,5
163,30.984047,121.726879,1525,6
164,30.986462,121.409757,1734,2
165,30.988441,121.87486,4801,5
166,30.990222,121.082742,621,3
167,30.990721,121.803969,1349,3
168,30.991472,121.430726,8402,7
169,30.992078,121.31207,951,3
170,30.993467,121.234309,6044,4
171,30.993883,121.129758,6822,7
172,30.995671,121.095344,2,0
173,30.996346,121.297687,1054,6
174,30.998611,121.216212,10072,5
175,30.999472,121.378674,4820,5
176,31.00153,121.235235,699,4
177,31.002479,121.390889,5315,3
178,31.004198,121.067198,2444,3
179,31.006332,121.579916,2119,2
180,31.007639,121.416247,6585,2
181,31.008378,121.431928,179,1
182,31.00948,121.4998,6280,6
183,31.010124,121.538644,5889,3
184,31.010467,121.237408,3604,3
185,31.011339,121.296295,1715,3
186,31.012103,121.414993,35,0
187,31.01217,121.265575,7713,7
188,31.012479,121.240994,428,3
189,31.012822,121.051558,51,3
190,31.01294,121.637001,5060,4
191,31.013227,121.552205,4895,3
192,31.015452,121.154814,4658,5
193,31.015959,121.227509,7955,6
194,31.016211,121.412788,4633,9
195,31.017385,121.715431,4897,4
196,31.018176,121.418004,7383,6
197,31.018662,121.420209,6114,1
198,31.019533,121.388705,6256,5
199,31.019982,121.244295,6877,5
200,31.020849,121.759757,1250,2
201,31.021462,121.321255,6564,5
202,31.022923,121.806437,4138,1
203,31.023241,121.226517,782,8
204,31.023902,121.350511,2540,3
205,31.024911,121.255017,2013,6
206,31.025227,121.44251,9346,8
207,31.025763,121.541983,4480,7
208,31.027984,121.267724,56,2
209,31.030308,121.650922,8532,3
210,31.030356,121.535809,9798,8
211,31.030657,121.236586,2724,5
212,31.031203,121.65009,11014,2
213,31.032045,121.783775,4020,3
214,31.03333,121.427385,8579,10
215,31.034225,121.254609,58,1
216,31.035151,121.544702,1358,2
217,31.035335,121.117893,2656,2
218,31.036404,121.272345,4786,6
219,31.036623,121.377512,3753,3
220,31.037068,121.686977,2569,4
221,31.037985,121.752781,5116,3
222,31.038291,121.194794,10292,5
223,31.038799,121.216584,261,6
224,31.038911,121.226883,4090,5
225,31.038964,121.2261,191,2
226,31.03916,121.2414,28,0
227,31.039301,121.593594,4292,6
228,31.039424,121.225364,38,0
229,31.039851,121.603151,165,1
230,31.040378,121.255563,10140,10
231,31.04139,121.741651,8060,3
232,31.042021,121.204506,8658,6
233,31.042149,121.539262,6679,3
234,31.042415,121.482986,5471,3
235,31.043246,120.924071,389,1
236,31.044667,121.46191,11372,6
237,31.045068,121.232113,1834,2
238,31.045313,121.844791,3511,5
239,31.045516,121.216817,6889,6
240,31.045842,121.756555,3543,5
241,31.046524,121.749155,3694,2
242,31.046945,121.764826,7060,4
243,31.047975,121.785062,4222,4
244,31.048503,121.141872,4129,3
245,31.049556,121.600672,5377,3
246,31.050708,121.217094,7077,6
247,31.051247,121.480621,8217,2
248,31.051898,121.769904,11161,18
249,31.052413,121.218957,138,12
250,31.052986,121.506423,5712,3
251,31.053362,121.431405,6945,4
252,31.054254,121.087156,468,2
253,31.054506,121.460002,5399,3
254,31.054777,121.166179,134,5
255,31.055129,121.770244,8256,4
256,31.056648,121.404326,6807,5
257,31.057607,121.030715,1500,1
258,31.057816,121.413943,3468,4
259,31.058092,121.235964,3826,7
260,31.058407,121.330724,5853,7
261,31.058917,121.770251,269,2
262,31.059304,121.53566,5396,4
263,31.060038,121.195223,7498,3
264,31.060659,121.399957,2236,4
265,31.062583,121.44986,2928,2
266,31.063518,121.215539,396,1
267,31.064763,121.396913,2492,9
268,31.065995,121.314532,1953,8
269,31.066368,121.2082,10560,9
270,31.068209,121.373076,6031,3
271,31.069261,121.375484,6777,4
272,31.069676,121.773361,9875,2
273,31.069946,121.719641,11125,4
274,31.07039,121.5203,8157,5
275,31.07195,121.150279,10561,6
276,31.072138,121.661831,4636,5
277,31.07252,121.404373,191,5
278,31.073134,121.317814,8540,11
279,31.074013,121.407487,6478,4
280,31.075231,121.436269,9358,3
281,31.078365,121.404647,7706,3
282,31.078791,121.422082,10925,7
283,31.080824,121.390896,8480,4
284,31.08111,121.263537,11569,4
285,31.081917,121.062248,3157,12
286,31.082614,121.523874,2886,3
287,31.084634,120.989297,19,0
288,31.085245,121.533086,1,0
289,31.085713,120.966216,986,3
290,31.086916,121.387535,8973,8
291,31.087108,121.371206,2360,1
292,31.087224,121.466989,2874,1
293,31.087507,121.398717,8865,2
294,31.0887,121.513069,2638,1
295,31.08906,121.722984,3321,7
296,31.091117,121.549904,435,1
297,31.092058,121.38753,10133,13
298,31.094143,121.488864,5450,3
299,31.095422,121.393617,77,2
300,31.09599,121.238111,863,3
301,31.096325,121.341209,6377,6
302,31.098359,121.073778,1109,7
303,31.098701,121.582178,9247,6
304,31.099126,121.813976,1499,4
305,31.099755,121.009542,324,3
306,31.100465,121.401931,7994,6
307,31.101299,120.918138,468,3
308,31.10221,121.277743,85,5
309,31.10346,121.419988,77,4
310,31.10366,121.420217,9005,8
311,31.103957,121.456645,0,0
312,31.105352,121.438535,7207,4
313,31.106089,121.039819,6395,5
314,31.106732,121.290566,487,4
315,31.107362,121.020176,4106,1
316,31.108792,121.061126,1768,3
317,31.10888,121.390919,8460,5
318,31.109649,121.402441,9096,8
319,31.109806,121.242241,8032,6
320,31.110093,121.371253,1009,5
321,31.110847,121.509512,10,0
322,31.111358,121.020928,3590,1
323,31.111607,121.324796,9995,6
324,31.111905,121.05229,1083,2
325,31.112344,121.480257,8054,7
326,31.112806,121.462647,4006,6
327,31.113159,121.06421,6070,2
328,31.113675,121.383752,1094,3
329,31.113798,121.382691,1093,3
330,31.114131,121.394475,10821,5
331,31.115176,121.36579,4548,5
332,31.116021,121.287621,11774,11
333,31.116103,121.43571,13952,7
334,31.11674,121.586334,8467,6
335,31.116903,121.595022,8135,4
336,31.1171,121.391692,549,5
337,31.11794,121.457471,7827,7
338,31.119287,121.204986,2612,6
339,31.119755,121.577952,2058,4
340,31.120602,121.581473,7452,6
341,31.120753,121.381579,9529,6
342,31.120864,121.389141,10187,7
343,31.121152,121.141999,6927,7
344,31.121932,121.33481,9261,9
345,31.122449,121.582926,5947,4
346,31.122643,121.734179,5644,4
347,31.123026,120.926117,610,13
348,31.123621,121.266561,1181,3
349,31.12408,121.716759,5268,5
350,31.124664,121.323455,11136,8
351,31.125467,121.581832,10543,9
352,31.125764,121.562057,10981,9
353,31.126339,121.573213,8627,3
354,31.126777,121.367557,1915,4
355,31.127539,121.389284,5210,3
356,31.127879,121.452728,2345,5
357,31.128344,121.629697,159,1
358,31.129482,121.192266,2517,2
359,31.130862,121.091425,12618,6
360,31.13107,121.298444,11170,4
361,31.131416,121.429704,11537,6
362,31.132602,121.095863,458,3
363,31.132785,121.413457,9833,8
364,31.133956,121.526289,5812,12
365,31.134484,121.42764,4161,3
366,31.134786,121.444969,10572,6
367,31.135275,121.765517,38,0
368,31.136777,121.546762,4701,6
369,31.137143,121.545715,4461,5
370,31.13756,121.339005,9589,9
371,31.138371,121.416975,11182,9
372,31.139017,121.545465,3981,1
373,31.139255,121.409759,4189,8
374,31.13966,121.379,174,4
375,31.140348,121.210964,210,5
376,31.140855,121.360032,9663,8
377,31.141245,121.500503,5362,8
378,31.142218,121.413767,2522,6
379,31.142865,121.330843,8484,4
380,31.143297,121.132883,13175,6
381,31.143681,121.353698,1478,3
382,31.143774,121.519955,7480,4
383,31.143965,121.573343,9655,4
384,31.144653,121.478451,3078,8
385,31.145387,121.61623,6351,4
386,31.145641,121.449009,2393,5
387,31.145979,121.376079,276,1
388,31.146285,121.518893,1460,3
389,31.146522,121.352501,12062,15
390,31.147783,121.366475,9576,4
391,31.148334,121.420448,1365,3
392,31.148785,121.115114,3198,4
393,31.149062,121.392526,435,3
394,31.149677,121.729053,12212,9
395,31.150193,121.45419,3040,6
396,31.150303,121.430423,687,4
397,31.150483,121.491401,5340,9
398,31.150662,121.434931,3794,6
399,31.150865,121.336324,692,1
400,31.151421,121.279419,5970,7
401,31.152045,121.420017,939,4
402,31.152177,121.172752,3905,7
403,31.15228,121.118001,8657,3
404,31.152571,121.412981,29,0
405,31.153746,121.504388,12075,10
406,31.154462,121.123826,31,0
407,31.154675,121.81374,2163,5
408,31.154909,121.436989,1764,4
409,31.155148,121.597536,954,11
410,31.15534,121.2025,5157,10
411,31.155349,121.375527,1466,5
412,31.155403,121.57642,13698,7
413,31.155848,121.383402,12118,7
414,31.156454,121.815297,2049,3
415,31.156874,121.348458,5891,7
416,31.156954,121.146623,304,1
417,31.157022,121.498865,306,5
418,31.157241,121.418919,12227,9
419,31.157536,121.203337,9449,9
420,31.158202,121.389411,8120,6
421,31.158559,121.319801,9942,7
422,31.159304,121.358718,11128,20
423,31.159536,121.1442,787,4
424,31.159667,121.515041,6220,5
425,31.159756,121.525433,4562,3
426,31.160079,121.37079,6796,39
427,31.160324,121.508559,23,0
428,31.161027,121.722478,3486,5
429,31.161442,121.507559,162,8
430,31.161896,121.135143,42,0
431,31.162282,121.426688,6644,4
432,31.162463,121.364262,5741,13
433,31.162868,121.448422,6971,5
434,31.163339,121.469291,2608,5
435,31.1634,121.396418,56,3
436,31.163459,121.574025,7860,9
437,31.163705,121.503747,11820,10
438,31.164838,121.410811,1592,4
439,31.165389,121.119468,22,0
440,31.166007,121.457766,6330,9
441,31.166058,121.403691,3285,3
442,31.166408,121.569203,9226,8
443,31.167279,121.113649,5051,3
444,31.167947,121.670231,5873,8
445,31.168125,121.503534,487,3
446,31.168296,121.588625,2939,4
447,31.168519,121.804669,4983,3
448,31.16872,121.768142,5261,5
449,31.168922,121.412651,9800,4
450,31.169078,121.433389,96,7
451,31.169494,121.302234,241,13
452,31.169796,121.52847,3567,5
453,31.170097,121.608906,3408,3
454,31.170526,121.34996,357,1
455,31.170967,121.40072,960,1
456,31.17148,121.411456,72,9
457,31.171686,121.441221,6937,9
458,31.171972,121.140685,10110,6
459,31.17247,121.404203,5325,10
460,31.17255,121.405133,26,0
461,31.172778,121.53453,840,5
462,31.173163,121.356571,4881,5
463,31.173856,121.350522,4782,4
464,31.174203,121.431404,3046,5
465,31.174223,121.436719,0,0
466,31.174304,121.436093,87,14
467,31.174661,121.52822,13659,8
468,31.175318,121.181299,9150,7
469,31.175781,121.643301,8326,3
470,31.175983,121.381611,929,2
471,31.17625,121.418829,949,4
472,31.176489,121.188906,360,5
473,31.176807,121.251063,5476,4
474,31.176978,121.499522,9566,6
475,31.177067,121.370844,8088,4
476,31.177169,121.445517,6437,6
477,31.177291,121.405153,714,5
478,31.17762,121.511042,7820,5
479,31.177836,121.408499,378,3
480,31.178033,121.487803,1402,5
481,31.178278,121.606216,5339,5
482,31.178673,121.521509,245,1
483,31.179351,121.31286,628,2
484,31.179594,121.55951,133,5
485,31.180043,121.609028,453,6
486,31.18026,121.406339,5539,5
487,31.180526,121.349428,187,4
488,31.180728,121.386832,6,0
489,31.180763,121.476049,3328,7
490,31.180824,121.525363,723,6
491,31.180994,121.377204,1043,1
492,31.181485,121.520026,9480,7
493,31.181629,121.510713,276,5
494,31.182032,121.388195,14,0
495,31.182189,121.394088,6783,6
496,31.1823,121.394288,179,1
497,31.182415,121.381272,8604,5
498,31.182633,121.439015,637,4
499,31.183039,121.434356,6,0
500,31.183323,121.447822,9250,7
501,31.18386,121.6373,14277,6
502,31.184327,121.381012,130,3
503,31.184426,121.15811,2462,4
504,31.184752,121.387556,179,1
505,31.184888,121.510295,10051,5
506,31.184979,121.31046,5242,2
507,31.185065,121.503655,1628,3
508,31.185189,121.445449,977,3
509,31.185812,121.457923,6224,3
510,31.186176,121.53911,629,2
511,31.186411,121.402496,249,2
512,31.186628,121.372116,5981,4
513,31.18674,121.380533,268,2
514,31.187254,121.536259,10487,5
515,31.187492,121.452395,27,0
516,31.187829,121.452956,2,0
517,31.188068,121.699562,353,3
518,31.188183,121.440258,1,0
519,31.188332,121.405187,51,1
520,31.18851,121.4984,1483,4
521,31.188696,121.181232,6517,3
522,31.188877,121.43412,903,6
523,31.189335,121.781953,7039,4
524,31.189701,121.543143,7539,3
525,31.189816,121.430881,43,0
526,31.190103,121.485774,469,5
527,31.190185,121.443475,10662,5
528,31.190389,121.457678,10188,4
529,31.19053,121.445372,53,7
530,31.190941,121.420437,1,0
531,31.191178,121.46648,347,1
532,31.19143,121.411411,6870,7
533,31.191674,121.699103,6935,5
534,31.191702,121.449143,792,3
535,31.191818,121.538713,4668,3
536,31.191847,121.381117,7178,7
537,31.192182,121.466139,375,6
538,31.19232,121.142889,4258,6
539,31.1924,121.7482,52,6
540,31.192915,121.682688,7319,7
541,31.192975,121.449755,9820,4
542,31.193331,121.599017,639,2
543,31.193515,121.531662,1001,4
544,31.193643,121.402511,3903,3
545,31.193686,121.423417,2460,2
546,31.193811,121.373792,2139,2
547,31.194107,121.399831,668,1
548,31.194364,121.400164,77,2
549,31.19458,121.436178,4169,5
550,31.194792,121.466884,5277,2
551,31.195131,121.418788,5608,6
552,31.195321,121.445546,1221,4
553,31.195613,121.40425,5348,4
554,31.195642,121.446626,234,4
555,31.195709,121.424093,2007,4
556,31.195887,121.591747,299,12
557,31.19601,121.444227,454,2
558,31.19622,121.468181,259,13
559,31.196602,121.461665,567,8
560,31.197034,121.391103,82,6
561,31.197114,121.442853,9038,5
562,31.197367,121.479142,7,0
563,31.19757,121.454,3117,6
564,31.197656,121.463533,9640,3
565,31.198048,121.604048,9933,7
566,31.198113,121.590353,2146,2
567,31.198268,121.383605,397,2
568,31.198372,121.355749,2954,3
569,31.19868,121.485666,3294,3
570,31.198836,121.215066,8988,6
571,31.19895,121.5161,289,6
572,31.19907,121.517372,473,1
573,31.199128,121.540588,6,0
574,31.19927,121.6228,469,2
575,31.199535,121.456715,813,2
576,31.19979,121.389906,2200,2
577,31.200224,121.316463,4370,5
578,31.20025,121.4744,2383,3
579,31.200428,121.437655,3257,2
580,31.200668,121.480775,194,4
581,31.200779,121.533917,48,0
582,31.200811,121.444401,6893,4
583,31.200875,121.481499,1,0
584,31.201009,121.610969,1501,2
585,31.201121,121.445016,1125,1
586,31.201251,121.561484,9919,4
587,31.201279,121.709485,12169,9
588,31.201321,121.404211,3777,3
589,31.20172,121.743118,3187,3
590,31.201959,121.61095,249,3
591,31.20197,121.4525,8573,5
592,31.202075,121.187355,6755,11
593,31.202118,121.395128,4674,5
594,31.202395,121.6278,12761,7
595,31.202912,121.712449,4827,3
596,31.203031,121.443586,5762,5
597,31.203225,121.399229,17,0
598,31.203422,121.526246,220,5
599,31.203552,121.371544,6993,2
600,31.20367,121.543991,633,2
601,31.203911,121.590509,44,0
602,31.203981,121.483421,845,2
603,31.204036,121.437644,207,8
604,31.204179,121.538588,6369,6
605,31.204343,121.407018,5478,3
606,31.204601,121.484087,547,8
607,31.204763,121.526768,1235,4
608,31.205115,121.492127,53,3
609,31.205813,121.413544,4807,4
610,31.206089,121.105074,952,4
611,31.206201,121.085991,698,3
612,31.206547,121.306923,7924,10
613,31.206668,121.449678,1001,4
614,31.20694,121.459659,1823,5
615,31.207094,121.713617,244,3
616,31.207139,121.449578,2501,4
617,31.207247,121.572933,1907,4
618,31.207348,121.70185,4787,4
619,31.2077,121.669382,9540,6
620,31.208153,121.41083,134,8
621,31.208384,121.466365,9002,5
622,31.208589,121.524447,3619,3
623,31.209025,121.616514,9175,10
624,31.20918,121.7524,3054,4
625,31.209344,121.414036,68,3
626,31.209454,121.524245,162,2
627,31.209598,121.437679,179,1
628,31.209704,121.368486,2684,4
629,31.209872,121.409627,1120,2
630,31.209905,121.37472,7328,7
631,31.209934,121.604472,939,6
632,31.210053,121.464569,232,4
633,31.210354,121.595268,714,7
634,31.21058,121.3846,2406,4
635,31.2106,121.411728,477,3
636,31.210657,121.474053,130,6
637,31.210887,121.315496,1249,4
638,31.211021,121.569582,248,1
639,31.211107,121.59082,7463,3
640,31.21134,121.4138,2242,5
641,31.2114,121.476689,140,6
642,31.211492,121.571765,1210,3
643,31.211574,121.366182,6985,9
644,31.211598,121.439406,6200,4
645,31.211634,121.520845,3691,2
646,31.211757,121.46438,77,2
647,31.211781,121.405437,601,6
648,31.212027,121.491516,614,4
649,31.212113,121.444193,5550,3
650,31.21245,121.637072,1945,1
651,31.212718,121.447853,8069,5
652,31.213015,121.547755,7196,2
653,31.21309,121.531691,928,2
654,31.213332,121.619545,69,3
655,31.21351,121.3728,179,1
656,31.213582,121.38377,480,4
657,31.21366,121.4551,81,3
658,31.213728,121.386102,11283,7
659,31.213903,121.410198,1559,4
660,31.214115,121.406884,3134,4
661,31.214209,121.659493,7456,4
662,31.214561,121.298904,11776,5
663,31.214641,121.525998,619,4
664,31.214689,121.426655,384,5
665,31.214741,121.427168,244,3
666,31.214958,121.527054,5451,4
667,31.215028,121.438872,22,0
668,31.215246,121.604329,8895,6
669,31.215347,121.134685,2192,4
670,31.215381,121.439262,7083,3
671,31.215664,121.46829,7842,7
672,31.216092,121.508679,740,5
673,31.216269,121.435171,55,9
674,31.216371,121.601926,8329,5
675,31.216472,121.413336,26,0
676,31.21653,121.3268,5095,3
677,31.216659,121.391301,868,4
678,31.216686,121.493011,1159,3
679,31.217037,121.43649,299,3
680,31.217074,121.510123,5428,6
681,31.217217,121.558644,13,0
682,31.217249,121.504369,1382,3
683,31.217315,121.635295,3284,4
684,31.217372,121.460724,5849,8
685,31.217512,121.533844,3801,3
686,31.21759,121.40829,142,5
687,31.217682,121.499709,6240,4
688,31.217968,121.41467,10012,4
689,31.218016,121.568018,3435,2
690,31.218201,121.487151,10103,8
691,31.21852,121.4637,1243,6
692,31.218812,121.401309,5411,4
693,31.218858,121.465451,41,0
694,31.21899,121.492002,319,4
695,31.219114,121.423499,8293,6
696,31.219239,121.418564,2149,10
697,31.219455,121.098597,4239,6
698,31.219533,121.427561,286,3
699,31.219656,121.49234,119,6
700,31.219945,121.285654,9155,5
701,31.220133,121.471187,990,6
702,31.220416,121.529149,7273,4
703,31.220434,121.408625,4664,3
704,31.220745,121.438858,173,5
705,31.221001,121.731159,6043,5
706,31.221201,121.497347,2077,6
707,31.221319,121.166272,372,7
708,31.221325,121.448881,6809,5
709,31.22135,121.391319,7967,3
710,31.221662,121.539905,5986,9
711,31.221705,121.642288,4476,3
712,31.221876,121.687381,5949,3
713,31.222168,121.378951,3572,4
714,31.222272,121.438997,623,15
715,31.22255,121.440445,4541,5
716,31.222609,121.378494,177,8
717,31.22278,121.450373,1781,3
718,31.223017,121.465143,1052,2
719,31.223114,121.522857,2810,3
720,31.223134,121.43817,20,0
721,31.223297,121.430839,720,3
722,31.223367,121.46595,56,1
723,31.223446,121.432052,153,2
724,31.223665,121.458791,9804,3
725,31.223981,121.478274,3842,4
726,31.224117,121.4732,3242,3
727,31.224154,121.43807,2126,4
728,31.224373,121.364172,7093,6
729,31.224391,121.489143,0,0
730,31.224487,121.452917,333,3
731,31.22455,121.4825,1346,4
732,31.224718,121.344451,4409,4
733,31.224758,121.446392,63,14
734,31.224855,121.480154,318,2
735,31.225207,121.452948,3748,5
736,31.22527,121.4443,9566,11
737,31.225318,121.437806,1322,7
738,31.225653,121.480878,108,14
739,31.225675,121.364645,167,2
740,31.225831,121.412695,4095,5
741,31.22626,121.551311,7,0
742,31.22656,121.4835,1115,1
743,31.226676,121.555069,900,3
744,31.226966,121.53174,10985,9
745,31.22714,121.391029,6749,3
746,31.227165,121.480195,4532,3
747,31.227254,121.402789,1348,5
748,31.227666,121.431017,1157,4
749,31.227795,121.254172,5181,3
750,31.227933,121.45361,5579,6
751,31.228017,121.444777,5062,4
752,31.228282,121.556676,536,1
753,31.228627,121.480756,3377,1
754,31.228726,121.482748,6359,3
755,31.228847,121.338653,6952,3
756,31.228906,121.451142,209,12
757,31.228956,121.481687,45,0
758,31.22903,121.3909,304,1
759,31.229071,121.452449,3296,5
760,31.229148,121.495962,1,0
761,31.229191,121.453189,249,2
762,31.229334,121.368291,7135,5
763,31.22978,121.540987,4,0
764,31.229998,121.538807,1,0
765,31.230201,121.308739,3279,4
766,31.230287,121.557116,11186,11
767,31.230395,121.46599,6464,4
768,31.23041,121.5344,132,4
769,31.230519,121.520449,4,0
770,31.230748,121.485488,3164,2
771,31.23095,121.537305,4,0
772,31.231035,121.555602,158,1
773,31.231119,121.484436,644,2
774,31.231328,121.487479,165,3
775,31.231369,121.403139,4,0
776,31.231468,121.537215,2466,5
777,31.231585,121.517218,1855,6
778,31.231687,121.32576,8127,8
779,31.231749,121.486203,179,1
780,31.232002,121.359292,1697,5
781,31.232268,121.541982,464,1
782,31.232407,121.652986,4509,4
783,31.232527,121.530359,193,3
784,31.232639,121.705254,11188,5
785,31.232729,121.566935,9485,9
786,31.232853,121.486408,844,4
787,31.232877,121.48753,5771,5
788,31.232971,121.47882,7,0
789,31.23301,121.5238,194,3
790,31.233051,121.455285,1774,2
791,31.233107,121.417598,162,3
792,31.233151,121.530498,1464,2
793,31.233201,121.469528,8647,6
794,31.233431,121.471698,10,0
795,31.233516,121.491431,2643,5
796,31.233629,121.532011,3635,4
797,31.233645,121.53018,249,3
798,31.233674,121.498294,8771,5
799,31.233708,121.454373,1330,1
800,31.233973,121.41641,7269,6
801,31.233984,121.524823,9,0
802,31.234093,121.475011,22,0
803,31.234168,121.473173,96,3
804,31.234225,121.525481,43,0
805,31.23423,121.436418,290,2
806,31.234259,121.52572,9378,6
807,31.234496,121.521516,1816,3
808,31.234528,121.528657,120,3
809,31.234688,121.502656,203,5
810,31.234737,121.513936,483,3
811,31.234787,121.498324,272,6
812,31.234835,121.527767,180,2
813,31.234885,121.529933,30,0
814,31.234916,121.447878,8,0
815,31.235072,121.518805,4031,4
816,31.235177,121.451385,1561,3
817,31.235309,121.529189,225,2
818,31.23537,121.522706,2073,4
819,31.23543,121.447652,6099,3
820,31.235454,121.172523,5475,1
821,31.2355,121.4026,152,1
822,31.235554,121.479641,34,0
823,31.235682,121.487831,3243,3
824,31.235908,121.57067,950,1
825,31.23593,121.4497,11540,11
826,31.236009,121.478941,6729,4
827,31.236104,121.375177,6287,4
828,31.236173,121.466734,924,1
829,31.236197,121.485283,2240,1
830,31.23634,121.4909,359,1
831,31.236381,121.484201,2220,6
832,31.236431,121.460781,1,0
833,31.236576,121.465894,581,4
834,31.236728,121.42407,5729,3
835,31.236743,121.36086,2569,2
836,31.236842,121.433815,150,2
837,31.236862,121.355595,3492,3
838,31.236926,121.454604,270,8
839,31.236991,121.441554,2707,4
840,31.237221,121.467334,282,3
841,31.237596,121.488614,454,2
842,31.237667,121.434224,83,1
843,31.237789,121.461058,479,5
844,31.237872,121.470259,5206,5
845,31.237944,121.693732,2877,4
846,31.237961,121.477253,667,2
847,31.238385,121.521449,50,2
848,31.238453,121.377045,57,3
849,31.238561,121.455041,2362,3
850,31.238616,121.477514,124,5
851,31.238774,121.496149,300,2
852,31.238815,121.559352,4670,2
853,31.238943,121.498554,149,1
854,31.23909,121.474138,2472,4
855,31.239149,121.488022,494,2
856,31.239319,121.265377,6267,4
857,31.239454,121.46057,2561,5
858,31.239492,121.486003,421,2
859,31.239655,121.478097,7867,5
860,31.23973,121.1395,8111,3
861,31.23976,121.482648,93,2
862,31.239804,121.545118,625,1
863,31.239862,121.490491,381,3
864,31.24018,121.506063,1393,1
865,31.240405,121.569186,173,6
866,31.240412,121.45723,2718,2
867,31.240478,121.526884,9379,10
868,31.240587,121.402322,2471,5
869,31.240601,121.442307,8460,6
870,31.240661,121.512436,214,3
871,31.240806,121.481992,1207,3
872,31.240865,121.426827,390,5
873,31.240874,121.518086,8284,6
874,31.24098,121.4941,22,0
875,31.241036,121.374063,10459,4
876,31.241084,121.467265,116,5
877,31.241223,121.45891,283,6
878,31.241242,121.517216,3356,5
879,31.241362,121.395822,7674,5
880,31.24143,121.475172,6698,6
881,31.241674,121.485882,165,2
882,31.241739,121.537288,589,2
883,31.241765,121.496726,1674,5
884,31.2419,121.506952,7,0
885,31.242078,121.331128,3889,5
886,31.242132,121.488632,702,2
887,31.242157,121.568785,7173,7
888,31.242261,121.507912,7806,4
889,31.242355,121.490982,90,5
890,31.242365,121.503571,10140,4
891,31.242514,121.493696,6936,3
892,31.242584,121.449606,2733,4
893,31.242706,121.49688,0,0
894,31.242808,121.420927,6712,8
895,31.242841,121.391309,6684,4
896,31.242867,121.490229,2914,3
897,31.242948,121.608734,3840,6
898,31.242991,121.515376,6777,4
899,31.243061,121.517168,262,1
900,31.243213,121.504331,114,6
901,31.243292,121.518833,484,2
902,31.243446,121.675041,5612,4
903,31.243532,121.330166,904,5
904,31.243738,121.475784,204,2
905,31.243869,121.440506,70,3
906,31.243974,121.555758,1722,3
907,31.244229,121.475231,3225,4
908,31.244292,121.495265,5744,3
909,31.24448,121.4294,517,4
910,31.24456,121.5099,6372,3
911,31.244701,121.514543,3089,3
912,31.244859,121.489305,4747,3
913,31.244931,121.50832,4856,6
914,31.245183,121.484965,1000,6
915,31.245242,121.479617,2251,4
916,31.245488,121.513767,3545,1
917,31.245624,121.522839,10409,5
918,31.245814,121.411472,3858,3
919,31.245938,121.422548,43,0
920,31.246059,121.362706,8465,5
921,31.246106,121.443663,7622,5
922,31.246271,121.425156,110,2
923,31.246371,121.513215,3543,1
924,31.24641,121.548541,5186,4
925,31.246512,121.514772,214,3
926,31.24657,121.5091,1170,2
927,31.24672,121.38645,0,0
928,31.246871,121.409978,82,3
929,31.246946,121.513919,1313,5
930,31.247026,121.448423,45,0
931,31.247155,121.23112,8694,7
932,31.247569,121.41575,1430,4
933,31.247688,121.528106,4119,2
934,31.247886,121.391323,11,0
935,31.247971,121.513421,4177,1
936,31.248146,121.441241,5299,4
937,31.24822,121.296297,7448,6
938,31.248429,121.463698,1068,3
939,31.248587,121.277434,14203,5
940,31.248715,121.481228,1519,3
941,31.248866,121.478438,10,0
942,31.249162,121.487899,6804,4
943,31.249356,121.410275,159,2
944,31.249854,121.497793,30,0
945,31.249972,121.422237,457,2
946,31.250145,121.450312,8,0
947,31.250332,121.594504,6383,6
948,31.25037,121.488549,3086,4
949,31.250629,121.598677,0,0
950,31.250734,121.487731,2726,4
951,31.25079,121.48933,2368,6
952,31.250826,121.578689,7216,5
953,31.250986,121.460075,3237,1
954,31.251094,121.416046,18,0
955,31.251211,121.491022,263,1
956,31.251313,121.488307,278,1
957,31.25142,121.449186,181,21
958,31.251614,121.464007,608,2
959,31.251746,121.488779,398,3
960,31.251894,121.464026,5316,4
961,31.252105,121.56398,10303,6
962,31.252264,121.38269,13059,8
963,31.252404,121.435035,10582,6
964,31.252495,121.390194,5285,3
965,31.252686,121.491508,42,0
966,31.252974,121.502684,1514,3
967,31.253206,121.459958,0,0
968,31.253394,121.389864,8836,4
969,31.253467,121.447489,121,1
970,31.253657,121.443859,4331,4
971,31.253808,121.483756,850,2
972,31.254042,121.464758,7079,6
973,31.254124,121.605142,6777,4
974,31.25423,121.461072,1074,5
975,31.254534,121.34772,7716,5
976,31.254745,121.556081,8,0
977,31.25495,121.739898,428,7
978,31.255025,121.199554,4698,4
979,31.255248,121.416487,3146,3
980,31.255293,121.49343,3634,6
981,31.25563,121.508513,5609,4
982,31.255905,121.430231,9014,5
983,31.256071,121.462096,3097,5
984,31.256151,121.557845,5576,3
985,31.256426,121.61001,7825,6
986,31.256559,121.43557,4485,3
987,31.256595,121.493953,317,8
988,31.256767,121.438713,291,4
989,31.256807,121.518545,3661,4
990,31.257553,121.311711,11036,6
991,31.257756,121.601633,7698,3
992,31.258255,121.471554,5742,7
993,31.258361,121.594427,35,0
994,31.258441,121.461361,168,2
995,31.258483,121.368346,192,4
996,31.258629,121.491056,447,2
997,31.258656,121.472538,3616,2
998,31.258677,121.392956,8986,5
999,31.25879,121.627202,3337,1
1000,31.258982,121.494994,1006,2
1001,31.259098,121.373134,466,2
1002,31.259135,121.616618,152,2
1003,31.259319,121.494159,6280,13
1004,31.259633,121.594477,10084,5
1005,31.259763,121.089338,482,4
1006,31.260165,121.541462,6040,4
1007,31.260191,121.617048,132,3
1008,31.260348,121.542138,104,7
1009,31.260429,121.426787,3258,4
1010,31.260555,121.410883,5357,7
1011,31.260715,121.622366,203,5
1012,31.260724,121.469924,17,0
1013,31.260814,121.490337,3202,5
1014,31.260835,121.366953,8148,7
1015,31.260903,121.618966,2154,3
1016,31.261132,121.093167,1995,7
1017,31.26153,121.582783,2,0
1018,31.261655,121.474716,201,7
1019,31.262004,121.350318,5979,4
1020,31.262045,121.446891,1081,5
1021,31.262311,121.449241,85,4
1022,31.262448,121.504717,6270,6
1023,31.262756,121.625447,8765,5
1024,31.262993,121.08814,53,1
1025,31.26338,121.517162,9288,4
1026,31.263574,121.586365,128,4
1027,31.263678,121.468663,3753,4
1028,31.263879,121.49436,2049,1
1029,31.264146,121.532591,10118,4
1030,31.264391,121.519923,713,1
1031,31.264433,121.541398,534,5
1032,31.264503,121.715846,2031,3
1033,31.26484,121.498029,1774,7
1034,31.265,121.48958,9342,5
1035,31.265321,121.503333,6093,6
1036,31.265413,121.564718,14,0
1037,31.265705,121.420959,5619,5
1038,31.265918,121.428644,367,2
1039,31.26604,121.399004,6212,5
1040,31.266232,121.402951,3780,4
1041,31.266413,121.351003,710,5
1042,31.266646,121.609157,145,1
1043,31.266679,121.539067,4380,3
1044,31.266813,121.512658,10939,5
1045,31.267266,121.385292,4786,5
1046,31.26748,121.57859,9339,7
1047,31.267542,121.685192,891,4
1048,31.2676,121.541803,3798,4
1049,31.267673,121.346341,179,1
1050,31.267826,121.521146,3886,2
1051,31.267888,121.46753,134,7
1052,31.268263,121.394134,3473,4
1053,31.268642,121.332479,9248,10
1054,31.268862,121.434292,745,2
1055,31.268894,121.692432,8165,6
1056,31.269517,121.498812,10362,2
1057,31.269535,121.4975,441,1
1058,31.269929,121.453419,5509,9
1059,31.26999,121.472205,0,0
1060,31.270279,121.531241,6851,8
1061,31.270362,121.612773,9025,6
1062,31.270493,121.353356,770,2
1063,31.270626,121.5908,9881,7
1064,31.270809,121.543999,2153,1
1065,31.271455,121.513192,744,4
1066,31.2716,121.465223,5863,4
1067,31.272151,121.375814,8139,5
1068,31.272257,121.513471,1508,2
1069,31.272769,121.57809,1145,1
1070,31.273019,121.307617,10195,11
1071,31.273045,121.546148,6777,7
1072,31.273189,121.472745,85,5
1073,31.273276,121.1303,6903,6
1074,31.273451,121.681542,9055,6
1075,31.273767,121.222048,9859,5
1076,31.273982,121.512661,10759,5
1077,31.27431,121.448589,8466,5
1078,31.274417,121.257132,11166,4
1079,31.274535,121.48034,3617,2
1080,31.274564,121.51979,8728,2
1081,31.275255,121.45991,24,0
1082,31.2754,121.485024,100,3
1083,31.275801,121.484797,1331,3
1084,31.276178,121.553996,7924,9
1085,31.276315,121.564096,2239,2
1086,31.276349,121.39526,4174,5
1087,31.276616,121.593917,665,2
1088,31.276741,121.514196,376,2
1089,31.27688,121.420858,32,0
1090,31.276982,121.460649,9029,7
1091,31.27726,121.460289,610,2
1092,31.277512,121.287969,10309,10
1093,31.277632,121.380997,46,0
1094,31.27795,121.538718,7974,6
1095,31.278028,121.583992,780,7
1096,31.278161,121.486144,683,2
1097,31.278711,121.514214,489,3
1098,31.278808,121.419722,2965,7
1099,31.278997,121.510278,360,3
1100,31.279258,121.474153,65,7
1101,31.279322,121.466136,329,7
1102,31.279618,121.439189,20,0
1103,31.2798,121.459715,3507,3
1104,31.280091,121.519684,285,5
1105,31.280262,121.364633,12644,8
1106,31.280348,121.592755,731,4
1107,31.280452,121.480426,8305,4
1108,31.280867,121.656939,7848,7
1109,31.281567,121.557955,5917,6
1110,31.281772,121.484273,481,5
1111,31.281917,121.435906,4809,4
1112,31.281994,121.631556,3502,1
1113,31.282271,121.524511,10814,4
1114,31.283201,121.665402,5818,5
1115,31.283403,121.541263,4000,4
1116,31.283777,121.379482,9,0
1117,31.28386,121.530324,7480,5
1118,31.284042,121.583676,6909,7
1119,31.284148,121.481157,5072,9
1120,31.284348,121.564303,17,0
1121,31.284675,121.516006,7396,5
1122,31.285059,121.406807,5037,5
1123,31.285418,121.47179,45,0
1124,31.285741,121.626244,10355,6
1125,31.285861,121.507007,6633,5
1126,31.286022,121.497436,12949,7
1127,31.286253,121.531109,280,3
1128,31.286501,121.363758,3979,4
1129,31.286632,121.552094,10641,4
1130,31.287524,121.51338,385,1
1131,31.287632,121.458734,6866,4
1132,31.288044,121.356098,350,1
1133,31.288233,121.304952,4852,4
1134,31.288583,121.428686,3828,4
1135,31.288777,121.390078,6021,4
1136,31.28915,121.229167,1487,6
1137,31.289489,121.341656,4546,3
1138,31.289528,121.412608,35,0
1139,31.289799,121.455117,45,0
1140,31.290434,121.425041,4229,4
1141,31.290758,121.514018,173,2
1142,31.290912,121.498587,285,1
1143,31.29099,121.697503,4316,4
1144,31.291192,121.65263,2004,2
1145,31.291293,121.559335,2491,3
1146,31.291773,121.203129,2269,4
1147,31.292462,121.271212,1753,3
1148,31.292582,121.508354,128,5
1149,31.292699,121.478195,1989,4
1150,31.292717,121.482235,2106,4
1151,31.292867,121.42296,299,3
1152,31.293561,121.362372,3854,6
1153,31.293848,121.528021,2822,1
1154,31.294155,121.418063,5823,5
1155,31.294194,121.316828,6296,5
1156,31.294378,121.567937,2818,3
1157,31.294508,121.537685,7991,3
1158,31.294609,121.526886,8556,3
1159,31.294834,121.431554,3364,4
1160,31.295004,121.516367,758,10
1161,31.295347,121.515155,11299,5
1162,31.295646,121.498045,62,6
1163,31.296226,121.494005,422,32
1164,31.296619,121.497055,491,6
1165,31.297053,121.52596,91,8
1166,31.297281,121.505124,4140,5
1167,31.297689,121.447357,6141,3
1168,31.298177,121.473198,6928,7
1169,31.298668,121.541944,10003,7
1170,31.298752,121.491919,3563,6
1171,31.299183,121.628904,3183,1
1172,31.299291,121.454034,351,1
1173,31.299613,121.442959,31,0
1174,31.299734,121.531717,88,4
1175,31.299799,121.530915,2957,2
1176,31.299874,121.298501,2499,2
1177,31.300084,121.504034,6779,5
1178,31.300338,121.526827,4798,3
1179,31.300493,121.323029,5173,12
1180,31.300693,121.496182,9013,6
1181,31.301024,121.509195,179,1
1182,31.301105,121.430139,1376,2
1183,31.301307,121.33124,7503,8
1184,31.301602,121.487289,9641,7
1185,31.301877,121.353206,7210,5
1186,31.301967,121.515226,161,7
1187,31.302086,121.510034,246,4
1188,31.302355,121.515812,2322,4
1189,31.302901,121.553485,3138,2
1190,31.303333,121.455058,53,2
1191,31.303478,121.55082,5687,3
1192,31.30379,121.455146,179,1
1193,31.303976,121.474504,7799,3
1194,31.304081,121.326517,4441,3
1195,31.304538,121.526838,4251,4
1196,31.304737,121.522227,100,3
1197,31.305114,121.41898,254,5
1198,31.305269,121.397452,8464,2
1199,31.305522,121.483135,8489,5
1200,31.306306,121.28988,2104,4
1201,31.3065,121.429743,2857,4
1202,31.30685,121.519579,2483,4
1203,31.307198,121.511929,10563,6
1204,31.307268,121.521916,12013,10
1205,31.307358,121.524928,35,0
1206,31.307814,121.504168,133,7
1207,31.308192,121.667576,2215,3
1208,31.308523,121.423052,10,0
1209,31.308964,121.403345,4681,3
1210,31.309342,121.580807,1192,3
1211,31.310089,121.640057,1535,2
1212,31.310425,121.439368,513,12
1213,31.311026,121.456026,61,10
1214,31.311405,121.553882,5620,8
1215,31.311763,121.21253,6077,4
1216,31.312069,121.172955,1819,12
1217,31.312192,121.456456,3188,3
1218,31.312494,121.157796,2762,3
1219,31.312825,121.491112,11288,5
1220,31.313065,121.417971,6664,5
1221,31.31394,121.382812,10127,10
1222,31.314038,121.509762,8581,5
1223,31.314136,121.549429,220,5
1224,31.315501,121.535127,3612,2
1225,31.315817,121.359172,1771,4
1226,31.316181,121.405014,6042,4
1227,31.316634,121.657988,420,2
1228,31.317294,121.460019,8045,6
1229,31.317512,121.404518,390,3
1230,31.317624,121.405225,140,11
1231,31.317987,120.619907,702,3
1232,31.318281,121.447698,9579,4
1233,31.318389,121.653955,2539,3
1234,31.318646,121.53899,10396,8
1235,31.318695,121.410448,1221,7
1236,31.319077,121.331853,10022,4
1237,31.319501,121.584673,5100,4
1238,31.320121,121.459018,3161,3
1239,31.320837,121.542217,23,0
1240,31.321039,121.453913,9006,4
1241,31.323091,121.364299,6645,5
1242,31.323457,121.57815,3257,3
1243,31.324066,121.536866,6465,4
1244,31.324464,121.387532,11051,6
1245,31.325382,121.553285,5977,4
1246,31.32589,121.477565,6,0
1247,31.326418,121.501541,2656,5
1248,31.326619,121.493433,2566,4
1249,31.327041,121.661258,2440,3
1250,31.32712,121.254377,7093,5
1251,31.327299,121.452936,6821,4
1252,31.327484,121.406697,7165,6
1253,31.32755,121.15343,853,3
1254,31.328439,121.384246,114,7
1255,31.32899,121.323419,6629,5
1256,31.331055,121.52962,2733,3
1257,31.33167,121.440751,9796,6
1258,31.332113,121.451373,220,6
1259,31.332279,121.286543,408,3
1260,31.333315,121.188402,4784,3
1261,31.334186,121.50238,6657,5
1262,31.334449,121.536876,7612,6
1263,31.335141,121.413142,1538,2
1264,31.337091,121.543621,1959,6
1265,31.337262,121.473928,9421,14
1266,31.337749,121.579688,3516,6
1267,31.338059,121.289933,10425,8
1268,31.33876,121.437747,5392,5
1269,31.339114,121.321261,11979,6
1270,31.3397,121.298473,3872,7
1271,31.340297,121.26652,168,6
1272,31.341175,121.618019,5972,3
1273,31.342336,121.605688,4321,3
1274,31.343106,121.455682,12437,9
1275,31.343386,121.208271,896,7
1276,31.344366,121.51915,1243,4
1277,31.344797,121.500999,866,13
1278,31.346682,121.49352,6400,5
1279,31.348039,121.147744,626,2
1280,31.348473,121.384381,320,2
1281,31.349748,121.506246,4423,5
1282,31.350554,121.391849,61,1
1283,31.351256,121.519123,1890,4
1284,31.352538,121.490272,3092,7
1285,31.353624,121.155902,878,2
1286,31.355364,121.537096,3868,11
1287,31.355737,121.403678,8916,12
1288,31.356238,121.568226,4910,6
1289,31.356868,121.555161,1578,3
1290,31.357773,121.508693,7041,4
1291,31.358732,121.508333,2387,7
1292,31.359311,121.310645,9637,4
1293,31.359987,121.417748,53,4
1294,31.360948,121.595293,5415,2
1295,31.36124,121.451839,5628,3
1296,31.362367,121.461011,113,7
1297,31.364407,121.561457,1608,6
1298,31.365012,121.504701,480,5
1299,31.365913,121.177965,3883,4
1300,31.367392,121.276877,1926,5
1301,31.368461,121.372259,6844,6
1302,31.3691,121.415317,6269,4
1303,31.370336,121.265507,6145,5
1304,31.370457,121.470415,2462,5
1305,31.370992,121.177459,7153,6
1306,31.371694,121.443832,7373,7
1307,31.37219,121.448243,182,2
1308,31.373175,121.438741,3272,2
1309,31.373432,121.490334,4501,2
1310,31.375832,121.389413,69,8
1311,31.376717,121.539395,3190,3
1312,31.378285,121.436137,10365,6
1313,31.379455,121.372876,7581,5
1314,31.380093,121.517779,5313,5
1315,31.381763,121.301878,4642,4
1316,31.382497,121.548578,5819,2
1317,31.382812,121.242351,8373,8
1318,31.383625,121.268069,2066,3
1319,31.384186,121.484871,6004,7
1320,31.385543,121.469415,4109,6
1321,31.387389,121.431922,2247,6
1322,31.38799,121.4952,11069,6
1323,31.389487,121.259676,1530,4
1324,31.39034,121.272165,10195,5
1325,31.391154,121.246483,185,2
1326,31.395438,121.472743,2641,4
1327,31.395845,121.450008,3,0
1328,31.395973,121.258897,4104,3
1329,31.396658,121.496972,8772,9
1330,31.39714,121.507729,1238,2
1331,31.397648,121.28551,3324,2
1332,31.398623,121.409041,903,4
1333,31.400853,121.483671,2711,3
1334,31.402193,121.367083,2224,7
1335,31.402828,121.48779,3496,2
1336,31.40369,121.255993,589,2
1337,31.404925,121.473328,654,7
1338,31.405792,121.489703,2738,4
1339,31.406426,121.476433,7058,4
1340,31.409644,121.303936,4717,3
1341,31.410197,121.500761,4146,2
1342,31.410741,121.442349,3779,4
1343,31.412391,121.491247,50,2
1344,31.41351,121.367585,2107,3
1345,31.414397,121.481621,9377,6
1346,31.415037,121.260851,327,13
1347,31.415595,121.188844,6965,4
1348,31.417324,121.491388,100,2
1349,31.4193,121.285094,3247,2
1350,31.420016,121.44113,4253,6
1351,31.420803,121.280523,2122,3
1352,31.42225,121.355698,2283,5
1353,31.423448,121.433415,11808,8
1354,31.426865,121.351198,1203,3
1355,31.427978,121.433301,5846,3
1356,31.430211,121.28239,3724,3
1357,31.431346,121.222574,4474,5
1358,31.434069,121.448741,5970,3
1359,31.436901,121.294601,1366,2
1360,31.43737,121.432451,5064,2
1361,31.441726,121.246593,1728,3
1362,31.444231,121.225828,344,3
1363,31.450256,121.254671,2006,3
1364,31.453478,121.256429,1948,7
1365,31.456227,121.359857,5817,4
1366,31.456615,121.221022,8040,2
1367,31.459469,121.412299,2995,6
1368,31.462643,121.331794,374,4
1369,31.467705,121.201637,2401,2
1370,31.46933,121.246736,1975,5
1371,31.473557,121.331298,3144,3
1372,31.48259,121.348661,4634,3
1373,31.486771,121.360405,117,17
1374,31.492475,121.328439,833,10
1375,31.497375,121.324955,1,0
1376,31.50595,121.282812,510,2
1377,32.902077,109.42358,5552,3
1378,34.638922,119.467017,6656,3
1379,34.798608,116.090395,1911,3
1380,35.379598,116.072359,8423,15
1381,36.406412,102.003965,9616,5
1382,39.084494,117.236165,2229,4
1383,41.677262,125.960124,218,3
1384,46.247857,128.762232,1518,3
